{
  "ext/controller/Upload-dbg.js": 1701081320814,
  "manifest.json": 1701862363347,
  "ext/fragment/Attachment2.js": 1701852225456,
  "ext/fragment/Attachment.js": 1701234123674,
  "ext/controller/Uploadcontroller.controller.js": 1701081329286,
  "ext/controller/Upload.js": 1701081320814,
  "Component.js": 1701060165310,
  "Component-preload.js": 1701862365493,
  "ext/fragment/Attachment2-dbg.js": 1701852225456,
  "ext/fragment/Attachment-dbg.js": 1701234123674,
  "ext/controller/Uploadcontroller-dbg.controller.js": 1701081329286,
  "i18n/i18n.properties": 1701060186369,
  "Component-dbg.js": 1701060165310,
  "ext/fragment/Attachment2.fragment.xml": 1701326386485,
  "ext/fragment/Attachment.fragment.xml": 1701243428962,
  "index.html": 1701060165310
}